temp,hum,soil,lux,pest,wilt,irrigation,spray
27.8,71,1,795,0.0,0.0,0.0,0.0
27.8,71,1,795,0.19209189141481006,0.16406299252310524,1.6406299252310523,1.9209189141481007
27.8,71,1,795,0.12587628721147498,0.1540017701352889,1.540017701352889,1.2587628721147497
27.5,70.9,1,216,0,0,0.0,0.0
27.5,70.9,1,216,0,0,0.0,0.0
27.5,70.9,1,216,0,0,0.0,0.0
